CustomerID,Age,Gender,AnnualIncome,SpendingScore,PurchaseFrequency,TotalPurchaseAmount
C0001,56,Male,49241,23,10,3124.78
C0002,46,Female,116214,88,10,5351.12
C0003,32,Female,64569,44,21,3683.89
C0004,60,Female,31745,77,16,4172.93
C0005,25,Male,46029,22,12,3018.38
C0006,38,Male,33025,43,2,777.24
C0007,56,Male,34288,37,9,2213.3
C0008,36,Male,109186,61,24,6117.12
C0009,40,Male,26540,97,3,3177.96
C0010,28,Male,117768,56,24,6437.72
C0011,28,Male,101958,3,25,4651.88
C0012,41,Male,88878,63,15,5370.25
C0013,53,Female,61846,19,3,1903.81
C0014,57,Female,95932,23,19,4415.72
C0015,41,Male,37482,29,18,3181.08
C0016,20,Male,43411,30,8,1466.44
C0017,39,Female,70975,39,26,5069.62
C0018,19,Male,80545,25,17,4274.64
C0019,41,Male,98797,8,8,2863.25
C0020,61,Male,72307,58,7,3366.37
C0021,47,Female,23093,16,7,1109.66
C0022,55,Female,97258,72,3,3314.7
C0023,19,Female,42042,1,1,1134.11
C0024,38,Female,72930,5,4,2108.43
C0025,50,Female,64413,3,25,3530.53
C0026,29,Male,113623,65,5,3627.96
C0027,39,Female,117883,4,1,3376.39
C0028,61,Male,53756,99,15,4113.9
C0029,42,Male,73268,96,5,3513.26
C0030,44,Female,59214,64,13,3660.9
C0031,59,Female,101871,98,8,5251.54
C0032,45,Male,48602,89,8,3912.22
C0033,33,Male,73331,10,5,2620.39
C0034,32,Male,68901,21,28,4566.4
C0035,64,Female,119986,46,9,4349.31
C0036,61,Female,83416,91,1,3437.29
C0037,20,Female,52196,27,4,1579.62
C0038,54,Female,25626,66,3,1427.26
C0039,24,Female,27424,41,2,2255.99
C0040,38,Male,32857,13,8,1661.74
C0041,26,Female,39982,9,23,4502.13
C0042,56,Male,96961,36,9,4057.77
C0043,35,Male,21980,86,2,2173.54
C0044,21,Male,68290,90,14,4622.07
C0045,42,Female,46431,58,14,2778.41
C0046,31,Female,104976,54,4,3492.91
C0047,26,Female,102711,12,6,3662.73
C0048,43,Male,46385,81,11,3803.37
C0049,19,Male,58158,78,3,2770.33
C0050,37,Male,43019,14,8,2886.35
C0051,45,Male,38639,34,3,1550.26
C0052,64,Male,105530,53,14,4275.82
C0053,24,Male,119911,20,28,6135.14
C0054,61,Female,41563,75,13,3899.49
C0055,25,Female,59341,16,13,2127.92
C0056,64,Female,25776,95,2,2322.95
C0057,52,Female,56444,70,13,4144.05
C0058,31,Male,88916,56,29,5963.5
C0059,34,Male,28711,83,19,4652.7
C0060,53,Female,94318,58,27,6316.95
C0061,57,Male,102970,4,6,3910.09
C0062,21,Female,105553,4,16,3715.76
C0063,19,Female,50707,20,2,1969.49
C0064,23,Female,59110,10,8,1783.54
C0065,59,Male,81788,24,17,3228.08
C0066,21,Female,102879,99,23,5284.81
C0067,46,Female,58827,26,2,2075.7
C0068,35,Female,25655,37,10,2360.22
C0069,43,Male,64859,85,28,5692.65
C0070,61,Male,73625,54,16,3315.75
C0071,51,Female,72098,21,6,2131.77
C0072,27,Male,35251,74,28,5177.07
C0073,53,Male,20526,38,2,1617.1
C0074,31,Male,88760,46,2,2696.93
C0075,48,Male,67837,4,26,4662.77
C0076,32,Male,31536,60,13,2902.65
C0077,25,Male,48541,57,24,5580.43
C0078,31,Male,99083,45,15,3947.54
C0079,40,Male,71027,20,28,4730.92
C0080,57,Male,54531,17,2,1339.44
C0081,38,Male,28712,71,7,2750.59
C0082,33,Female,85455,4,3,1609.67
C0083,62,Female,94744,93,8,4317.74
C0084,35,Male,25109,14,23,3554.64
C0085,64,Female,69268,3,14,2763.18
C0086,41,Female,74615,88,24,5857.29
C0087,43,Male,102503,80,23,5506.15
C0088,42,Male,49759,58,27,4546.64
C0089,62,Male,105708,55,22,5628.96
C0090,58,Female,80112,4,29,4312.36
C0091,46,Female,46589,24,7,1059.38
C0092,32,Male,50015,34,21,4296.72
C0093,62,Male,49009,30,7,2794.66
C0094,18,Male,103309,82,1,3182.78
C0095,42,Female,82046,19,17,3631.88
C0096,24,Female,46143,31,9,2970.63
C0097,26,Female,26154,60,21,3370.31
C0098,41,Female,41804,60,13,2614.39
C0099,18,Male,61688,19,21,4392.58
C0100,61,Male,84288,49,19,4705.28
C0101,25,Male,71195,63,21,5421.34
C0102,41,Male,40581,83,19,3266.49
C0103,28,Female,72648,22,25,4082.62
C0104,34,Female,50087,24,25,4368.91
C0105,25,Male,69930,76,22,5387.44
C0106,52,Male,52981,30,17,3973.12
C0107,52,Female,89298,58,23,5503.37
C0108,50,Male,66167,31,23,4630.67
C0109,22,Female,95304,100,10,4411.38
C0110,59,Male,63408,64,10,4223.61
C0111,56,Male,59499,19,4,1403.47
C0112,58,Male,72269,48,8,3304.89
C0113,45,Male,58559,45,22,3992.28
C0114,24,Male,94319,100,20,6053.77
C0115,26,Male,115317,94,20,5597.83
C0116,25,Male,116347,55,18,5683.85
C0117,29,Female,68787,55,14,3936.79
C0118,51,Female,55488,97,18,5597.08
C0119,50,Female,94441,18,28,5378.31
C0120,40,Female,94663,63,14,4730.74
C0121,41,Female,42431,92,20,4238.79
C0122,54,Male,81681,47,21,4714.67
C0123,52,Male,83483,75,24,5727.53
C0124,61,Female,69153,57,15,3274.45
C0125,57,Male,26368,45,22,3133.55
C0126,39,Female,47424,33,4,2223.41
C0127,44,Female,65004,17,13,3042.04
C0128,52,Male,103869,70,27,6070.92
C0129,18,Male,108652,4,23,4624.55
C0130,52,Male,76985,20,8,2450.46
C0131,54,Female,70069,47,18,4322.66
C0132,64,Male,72326,91,12,4474.04
C0133,31,Female,101061,15,23,3960.17
C0134,20,Female,43398,70,14,4304.38
C0135,18,Female,118393,47,2,3983.71
C0136,22,Male,70861,78,18,3581.89
C0137,43,Male,95897,75,24,6465.9
C0138,31,Female,101905,9,2,2940.71
C0139,56,Male,88577,90,11,4441.76
C0140,44,Male,85641,16,9,2384.24
C0141,26,Male,29078,69,12,3564.17
C0142,32,Female,45003,61,17,3734.44
C0143,32,Female,82768,10,15,3879.8
C0144,43,Male,71047,50,25,6280.54
C0145,59,Female,91626,3,17,4043.44
C0146,30,Male,77660,77,26,5369.76
C0147,49,Male,69786,94,29,6117.85
C0148,56,Male,21925,70,26,4213.78
C0149,49,Male,103976,81,18,5671.26
C0150,21,Female,46015,51,22,3922.27
C0151,47,Female,53320,19,6,1834.97
C0152,54,Female,84881,42,17,3725.4
C0153,40,Male,110827,35,23,5435.5
C0154,56,Male,46289,46,24,4584.16
C0155,62,Male,23389,26,18,1675.39
C0156,32,Female,45683,69,8,3038.45
C0157,60,Male,33629,93,9,3124.73
C0158,46,Female,81550,64,6,2928.5
C0159,53,Female,44826,37,5,3065.83
C0160,30,Female,46630,84,12,4111.84
C0161,49,Female,118762,49,25,5562.04
C0162,24,Female,66163,21,29,5537.38
C0163,39,Female,118511,74,28,7462.47
C0164,45,Male,86435,64,11,4074.71
C0165,19,Male,31653,5,25,3888.78
C0166,59,Female,47961,100,1,2748.39
C0167,62,Female,101941,70,11,3365.91
C0168,23,Male,94137,90,19,5419.31
C0169,45,Female,53662,4,9,2093.78
C0170,45,Female,118818,39,27,6916.44
C0171,61,Male,76446,35,2,2460.78
C0172,61,Female,41288,1,12,2131.95
C0173,37,Female,115081,24,4,3096.56
C0174,47,Female,56877,57,4,2984.23
C0175,28,Male,35313,100,18,4273.97
C0176,45,Male,100885,70,15,4518.6
C0177,42,Male,92715,41,19,4611.45
C0178,56,Female,30326,54,13,3446.87
C0179,50,Female,21560,46,19,3649.28
C0180,18,Male,99148,60,17,4945.09
C0181,44,Female,103186,60,6,3779.49
C0182,30,Female,46745,57,16,3430.03
C0183,58,Female,51890,31,24,4285.83
C0184,20,Female,40022,84,12,3168.79
C0185,56,Female,72579,24,19,3944.19
C0186,23,Male,90316,89,5,4414.41
C0187,25,Female,103847,36,17,4118.0
C0188,44,Male,48380,85,26,5018.24
C0189,26,Female,22356,30,23,3029.97
C0190,54,Male,90326,24,26,4551.07
C0191,50,Female,112447,30,29,6085.55
C0192,59,Male,109899,86,1,3299.18
C0193,61,Female,40049,92,28,6421.82
C0194,41,Male,95717,7,27,5117.92
C0195,32,Female,36082,35,25,4891.34
C0196,49,Male,20661,55,24,4602.22
C0197,49,Female,57412,92,23,5183.76
C0198,41,Male,22920,14,10,2923.47
C0199,58,Male,111194,10,15,4308.15
C0200,29,Female,80315,80,23,6322.8
C0201,56,Female,99561,16,21,5449.52
C0202,19,Male,28946,54,21,4116.24
C0203,20,Female,114242,95,11,5405.41
C0204,54,Male,65500,89,13,4517.04
C0205,34,Male,36309,77,5,1909.05
C0206,19,Male,75230,70,1,2703.25
C0207,19,Female,118656,44,24,6450.24
C0208,45,Male,50027,73,12,4298.63
C0209,40,Male,92541,45,11,3485.5
C0210,54,Female,79321,100,17,5390.84
C0211,49,Female,20956,56,4,1814.56
C0212,50,Female,94131,84,15,4883.68
C0213,18,Female,67908,82,25,5766.16
C0214,36,Male,98339,57,9,4010.78
C0215,19,Male,45963,21,21,4024.96
C0216,61,Male,59443,68,20,5329.72
C0217,43,Male,119259,50,19,5807.24
C0218,49,Female,59063,33,19,4111.56
C0219,23,Male,100818,91,12,5753.67
C0220,49,Male,24703,7,5,1754.02
C0221,21,Female,85128,70,10,3906.36
C0222,28,Male,92099,15,17,3498.42
C0223,34,Male,45849,82,5,2253.06
C0224,55,Male,51860,32,22,4623.82
C0225,41,Male,51585,75,16,3761.54
C0226,22,Male,42015,20,7,1476.27
C0227,51,Male,97539,88,28,6251.74
C0228,23,Female,63585,15,9,2233.01
C0229,39,Female,46958,48,3,2444.48
C0230,28,Male,46017,71,15,3706.97
C0231,33,Male,96707,21,16,3482.95
C0232,50,Female,65350,42,18,4112.52
C0233,26,Male,32201,26,14,2825.15
C0234,23,Male,49426,14,3,1318.85
C0235,33,Male,37778,57,12,3628.5
C0236,46,Female,65241,37,9,2729.35
C0237,20,Male,62229,58,28,6028.75
C0238,37,Female,106652,21,7,3586.43
C0239,53,Male,68364,82,9,4140.58
C0240,36,Female,118833,69,13,4422.38
C0241,43,Female,104878,3,18,4351.72
C0242,20,Male,77056,87,5,3419.71
C0243,36,Female,47490,90,13,3148.8
C0244,37,Male,39975,37,4,2387.03
C0245,49,Female,46723,88,2,2085.76
C0246,24,Male,43279,49,16,3215.8
C0247,58,Male,98301,19,9,2824.36
C0248,50,Female,31561,89,9,3396.81
C0249,57,Male,86061,85,6,2953.26
C0250,56,Male,108397,12,11,3976.88
C0251,35,Female,69153,61,22,5460.32
C0252,57,Male,53142,41,24,4826.43
C0253,18,Male,46916,33,22,4429.63
C0254,28,Female,84324,50,1,2936.25
C0255,45,Female,64965,68,4,2324.59
C0256,42,Male,24648,71,13,3835.33
C0257,40,Male,55133,86,23,4922.62
C0258,48,Female,70677,33,13,3435.35
C0259,47,Female,116059,81,13,4929.86
C0260,59,Male,114588,24,2,3137.53
C0261,52,Female,119950,61,9,4124.98
C0262,24,Male,118317,61,24,6194.8
C0263,33,Male,90135,98,8,3615.03
C0264,43,Male,55046,28,7,2943.25
C0265,19,Male,67064,58,4,3026.65
C0266,18,Male,89350,43,18,4445.87
C0267,29,Female,65893,41,3,2058.29
C0268,22,Female,81272,39,28,5892.75
C0269,54,Female,112152,86,6,3899.39
C0270,49,Female,87649,49,12,3990.66
C0271,26,Male,84674,17,12,3969.18
C0272,58,Male,33760,98,21,4259.57
C0273,52,Male,41927,70,28,5432.84
C0274,36,Male,106475,70,8,4297.36
C0275,33,Female,81367,98,22,5688.67
C0276,20,Male,117955,65,22,5722.21
C0277,37,Male,32588,74,1,2489.16
C0278,41,Female,72233,85,4,2900.88
C0279,50,Female,64738,5,21,2983.74
C0280,41,Female,53397,2,28,4778.21
C0281,28,Female,102189,22,11,3093.13
C0282,25,Male,96367,57,3,3488.28
C0283,53,Male,91260,66,13,5042.65
C0284,55,Female,96619,74,25,6357.25
C0285,57,Male,39816,98,17,4842.03
C0286,37,Male,62240,16,22,5134.82
C0287,52,Male,26276,51,22,4413.9
C0288,42,Female,99530,39,10,3940.89
C0289,52,Male,43499,86,21,5496.95
C0290,42,Female,108576,76,12,5628.91
C0291,46,Male,102495,88,15,6054.29
C0292,35,Male,91635,40,21,4706.63
C0293,63,Male,105112,38,10,3195.23
C0294,35,Female,55946,60,14,3422.32
C0295,19,Male,75204,59,13,4300.9
C0296,52,Female,71886,10,5,2267.3
C0297,33,Female,91652,99,6,3934.8
C0298,58,Female,35563,64,24,4831.5
C0299,53,Male,112324,63,2,2696.08
C0300,50,Male,112464,49,22,5694.86
C0301,21,Male,29847,64,17,4156.17
C0302,50,Male,46155,32,4,2157.76
C0303,31,Female,99671,7,14,4124.32
C0304,38,Female,103310,21,10,4379.89
C0305,37,Female,87278,20,3,2372.49
C0306,25,Male,38309,26,25,3829.63
C0307,24,Female,20619,68,3,2387.14
C0308,20,Male,103194,86,15,5739.44
C0309,34,Female,70108,15,6,2626.31
C0310,50,Male,54707,85,17,4328.95
C0311,29,Male,40337,79,12,3432.43
C0312,39,Female,101537,86,22,5322.35
C0313,39,Female,86504,92,20,6066.55
C0314,63,Female,67614,14,24,4981.11
C0315,47,Female,111428,27,29,5457.72
C0316,55,Male,111155,40,11,4576.92
C0317,55,Female,20281,58,25,4477.67
C0318,62,Female,47420,28,4,1337.41
C0319,25,Female,100896,26,26,4924.92
C0320,44,Male,59030,63,28,5672.35
C0321,44,Male,21058,66,26,4332.31
C0322,51,Female,106213,25,6,4129.23
C0323,38,Male,96260,3,1,2566.5
C0324,47,Female,48404,72,20,4684.93
C0325,50,Male,49856,44,23,4678.66
C0326,45,Male,29200,97,28,6064.43
C0327,64,Male,84178,42,16,4656.82
C0328,50,Male,53997,99,15,4614.82
C0329,22,Female,45611,6,17,2552.09
C0330,36,Female,61235,39,8,4300.67
C0331,21,Female,55057,52,28,4689.55
C0332,52,Male,21239,23,26,3733.51
C0333,34,Female,85661,89,12,3660.86
C0334,61,Female,65272,50,27,5564.84
C0335,45,Female,109393,43,22,5548.42
C0336,47,Male,81212,19,21,4811.88
C0337,46,Male,35398,69,10,2073.43
C0338,63,Male,76503,51,27,6091.51
C0339,23,Female,26638,11,15,2094.04
C0340,52,Female,26570,12,9,1716.9
C0341,58,Female,88785,74,2,3591.49
C0342,54,Male,29110,8,5,1432.83
C0343,41,Male,99141,24,6,3228.79
C0344,46,Female,32115,92,7,3261.89
C0345,63,Male,59062,41,21,4530.64
C0346,48,Male,42911,36,25,4227.67
C0347,52,Male,52556,85,1,2362.89
C0348,50,Male,98131,72,23,5908.56
C0349,38,Female,21969,55,26,3936.6
C0350,49,Male,63753,9,7,2748.06
C0351,40,Male,102811,47,20,5305.55
C0352,50,Male,24470,15,25,3751.79
C0353,20,Male,30225,48,12,3360.75
C0354,35,Female,43196,82,16,3953.86
C0355,42,Female,33669,42,16,3132.17
C0356,59,Male,57380,60,11,3125.29
C0357,48,Male,68320,84,21,5317.93
C0358,20,Male,67414,70,4,3032.51
C0359,57,Male,35577,12,13,2118.4
C0360,63,Male,108009,2,7,2941.33
C0361,41,Male,75409,7,4,1763.38
C0362,49,Female,48625,80,15,3620.07
C0363,64,Male,101040,3,19,3480.85
C0364,39,Female,44089,3,9,1891.32
C0365,40,Female,56487,27,11,2003.63
C0366,19,Male,85838,40,8,3045.35
C0367,44,Female,116999,33,1,2648.63
C0368,59,Female,114795,92,23,6961.85
C0369,19,Female,70138,1,25,3910.29
C0370,43,Female,62823,8,24,3875.87
C0371,34,Female,57208,32,8,2393.4
C0372,57,Female,74061,48,13,3471.15
C0373,50,Male,50659,4,22,4397.81
C0374,26,Female,51890,94,27,5118.52
C0375,60,Female,99134,70,4,3322.98
C0376,56,Female,67055,19,8,2752.13
C0377,46,Male,39508,32,3,2070.75
C0378,59,Female,62287,9,29,4670.62
C0379,43,Male,98916,12,9,2279.27
C0380,52,Female,46984,11,29,4509.63
C0381,42,Male,28125,46,2,2168.51
C0382,41,Male,56059,16,2,1742.27
C0383,30,Female,89569,1,28,5284.59
C0384,24,Female,37087,63,13,2715.23
C0385,53,Male,25704,21,15,2046.24
C0386,62,Female,80576,30,28,5430.54
C0387,37,Male,93384,13,23,4109.49
C0388,18,Male,107128,34,12,4483.24
C0389,25,Male,92460,4,26,4605.88
C0390,63,Male,47208,28,4,1831.83
C0391,33,Male,105150,95,26,5705.12
C0392,31,Female,86024,59,8,3368.58
C0393,29,Male,59882,27,9,2089.71
C0394,40,Male,45923,69,23,3552.48
C0395,32,Female,49165,25,5,2229.22
C0396,45,Male,87203,3,24,5489.64
C0397,51,Female,111749,97,20,6654.72
C0398,19,Female,24114,68,18,4003.13
C0399,49,Female,84965,25,11,3187.24
C0400,40,Male,56321,20,15,3629.37
C0401,39,Male,93297,34,28,6347.87
C0402,42,Male,116652,26,22,5431.45
C0403,39,Female,119304,5,9,2948.9
C0404,39,Male,45426,99,17,4183.83
C0405,59,Female,37772,61,27,5761.79
C0406,23,Male,23712,92,26,4936.87
C0407,32,Female,21367,93,12,1599.96
C0408,60,Male,111736,9,7,2475.26
C0409,54,Male,71924,50,10,3176.26
C0410,50,Male,23726,6,25,4082.43
C0411,25,Female,109152,83,26,6411.48
C0412,61,Female,47723,60,25,5381.68
C0413,61,Male,29108,44,10,2179.08
C0414,22,Male,97714,11,27,4377.13
C0415,56,Female,55643,66,13,3417.08
C0416,21,Female,51324,47,19,4183.95
C0417,23,Female,103360,73,11,4613.18
C0418,62,Male,28927,85,13,2785.99
C0419,49,Female,113680,88,21,5938.0
C0420,47,Male,116546,98,8,6103.26
C0421,64,Female,42443,86,8,2482.23
C0422,52,Male,99973,3,4,2854.82
C0423,57,Female,83449,76,15,3560.64
C0424,33,Female,96743,92,28,7106.76
C0425,30,Female,80233,30,11,2928.5
C0426,59,Female,45537,90,11,3781.78
C0427,47,Female,97576,21,1,1740.76
C0428,36,Male,42612,28,17,3457.67
C0429,34,Female,113977,90,15,4975.21
C0430,36,Female,26471,62,20,3501.9
C0431,45,Female,55631,33,6,2548.61
C0432,43,Male,112059,85,24,6180.99
C0433,54,Female,51348,35,22,4382.15
C0434,43,Male,84732,52,28,5739.22
C0435,40,Female,21177,34,25,3967.29
C0436,26,Female,24760,41,15,3132.74
C0437,29,Male,52779,51,9,2725.57
C0438,18,Female,41636,47,14,2719.7
C0439,18,Male,101889,82,18,5161.62
C0440,64,Male,73551,58,26,6058.59
C0441,51,Female,31556,75,17,3854.21
C0442,49,Male,47598,57,18,3544.51
C0443,42,Female,31563,23,5,1777.04
C0444,57,Female,66819,48,20,4690.54
C0445,62,Male,93770,22,20,4865.4
C0446,18,Male,111055,17,9,3067.18
C0447,33,Male,46966,69,11,2953.12
C0448,56,Male,101709,11,24,4740.77
C0449,22,Female,79889,94,22,5467.46
C0450,39,Female,46987,15,1,1554.2
C0451,46,Male,98714,91,18,5647.37
C0452,20,Female,78348,35,6,2999.57
C0453,29,Female,44596,33,27,5303.93
C0454,43,Female,53174,84,2,2907.93
C0455,33,Female,84106,16,15,3651.22
C0456,54,Male,89967,34,29,5197.4
C0457,39,Male,79182,66,26,5336.37
C0458,46,Female,113300,99,21,6140.15
C0459,31,Male,107163,40,14,4837.82
C0460,45,Male,59310,28,5,2192.53
C0461,22,Male,76088,47,6,2618.66
C0462,64,Female,28906,39,6,1516.67
C0463,47,Female,56914,70,22,4793.49
C0464,63,Female,65379,73,18,5007.57
C0465,22,Male,98612,20,14,4747.75
C0466,29,Female,57650,1,10,2265.12
C0467,33,Female,66881,72,14,4075.25
C0468,43,Male,66413,87,13,3586.29
C0469,43,Female,26012,63,3,2794.84
C0470,38,Female,70115,67,6,2426.8
C0471,56,Male,27151,4,29,4668.85
C0472,53,Male,77716,58,8,3201.65
C0473,50,Male,113747,25,12,3790.26
C0474,47,Female,112653,47,13,3963.06
C0475,54,Female,56378,38,11,4222.58
C0476,40,Female,62652,15,12,3028.79
C0477,27,Male,92430,63,1,2924.24
C0478,22,Male,33467,21,17,3467.71
C0479,53,Female,51010,99,16,4099.78
C0480,51,Female,74691,57,11,3669.74
C0481,48,Male,84157,53,13,4066.31
C0482,27,Male,32289,46,18,3239.71
C0483,36,Male,64976,14,11,3429.34
C0484,49,Male,63596,100,28,6022.59
C0485,18,Female,43171,76,12,2666.85
C0486,22,Male,106365,17,6,2951.55
C0487,62,Female,119590,39,9,4181.39
C0488,21,Female,64139,9,16,2891.03
C0489,33,Female,68713,99,4,2931.96
C0490,41,Male,49734,77,3,2236.55
C0491,33,Male,92588,79,28,7007.38
C0492,19,Male,83646,82,16,4579.34
C0493,45,Male,23654,97,24,5522.64
C0494,49,Female,109022,6,27,5202.96
C0495,44,Male,38743,91,26,5422.37
C0496,37,Male,68368,23,25,4489.24
C0497,41,Female,110025,59,12,4902.54
C0498,29,Male,94172,91,11,4009.3
C0499,52,Female,26441,98,5,2970.25
C0500,50,Female,44611,46,25,4639.15
C0501,50,Female,32149,38,18,3052.98
C0502,60,Female,79189,14,19,3990.67
C0503,54,Female,41675,100,23,5860.43
C0504,29,Female,91031,72,23,5729.54
C0505,20,Female,62668,62,6,2552.0
C0506,18,Female,33673,35,22,3236.11
C0507,50,Male,96666,19,18,4631.02
C0508,57,Male,108204,30,26,5832.0
C0509,27,Male,100758,78,6,4252.67
C0510,60,Male,85429,84,4,2717.47
C0511,61,Female,43669,25,12,2102.25
C0512,46,Male,54068,40,19,4534.8
C0513,30,Female,108789,88,29,7141.45
C0514,29,Male,29435,14,27,4305.4
C0515,48,Male,114088,26,29,5670.42
C0516,63,Male,72249,87,2,2499.49
C0517,19,Female,57384,22,17,4013.31
C0518,52,Male,101929,48,11,4597.77
C0519,40,Female,96153,83,11,3943.9
C0520,34,Female,95388,51,21,4553.07
C0521,43,Male,51401,3,16,2938.72
C0522,25,Male,91831,42,2,2306.95
C0523,46,Male,54084,19,2,1196.59
C0524,43,Female,75826,73,23,4745.83
C0525,27,Male,56451,28,8,2274.8
C0526,43,Female,27227,84,13,2787.19
C0527,51,Female,51910,45,10,2365.5
C0528,58,Male,56041,71,8,3295.02
C0529,24,Male,108920,78,4,3800.8
C0530,21,Female,85681,63,15,4701.06
C0531,62,Female,101571,73,1,2421.9
C0532,28,Female,85481,19,11,3319.56
C0533,46,Male,88576,47,7,4354.34
C0534,53,Female,84174,14,17,3747.34
C0535,42,Male,46160,38,27,5145.57
C0536,38,Female,37633,53,20,4355.66
C0537,53,Female,114880,61,24,6525.2
C0538,27,Male,37014,36,18,3523.61
C0539,54,Female,100532,40,22,5533.68
C0540,26,Male,69104,81,29,6426.59
C0541,41,Male,61621,30,22,4640.14
C0542,52,Female,97231,9,12,2960.91
C0543,52,Male,88388,64,9,2954.07
C0544,53,Male,36014,33,5,1038.49
C0545,35,Female,112578,52,10,4096.48
C0546,56,Male,53755,89,4,3187.06
C0547,49,Male,60390,14,5,1465.59
C0548,41,Male,43711,75,28,5821.21
C0549,40,Female,111658,53,28,6137.02
C0550,49,Male,77993,99,10,3998.48
C0551,54,Female,94696,59,11,3680.87
C0552,29,Female,47213,78,21,3691.87
C0553,30,Male,77784,94,24,5960.34
C0554,40,Male,27421,41,10,3219.75
C0555,42,Male,106936,68,28,6487.39
C0556,52,Female,119073,68,8,3436.14
C0557,58,Male,37727,92,2,2764.71
C0558,47,Male,24358,8,23,2554.76
C0559,34,Male,85108,2,8,2087.64
C0560,37,Male,114018,86,16,5371.19
C0561,42,Male,52117,41,27,4958.76
C0562,39,Female,108700,55,22,5134.67
C0563,30,Female,51910,16,5,1739.54
C0564,36,Male,118032,93,27,7353.22
C0565,53,Male,75754,62,25,5871.17
C0566,29,Male,82438,48,29,6474.49
C0567,58,Male,49371,30,3,2752.13
C0568,36,Female,71501,12,12,3454.96
C0569,29,Male,80946,35,13,3595.55
C0570,26,Female,58467,11,13,3324.0
C0571,24,Female,37625,64,10,3145.86
C0572,45,Male,53893,50,4,2561.04
C0573,31,Female,96329,85,9,4370.19
C0574,48,Female,51007,21,22,3519.11
C0575,36,Female,111302,69,24,5626.99
C0576,64,Female,59532,48,23,4622.08
C0577,33,Male,74253,20,27,5099.52
C0578,22,Male,32323,67,2,1551.74
C0579,52,Female,93379,44,19,5019.25
C0580,29,Male,34210,33,1,2339.58
C0581,42,Male,36456,73,25,3951.95
C0582,38,Male,51367,61,29,5713.46
C0583,53,Male,74624,9,7,2434.49
C0584,40,Male,30106,68,17,3887.45
C0585,33,Female,88008,35,3,2429.8
C0586,56,Male,92240,81,20,5386.77
C0587,62,Male,84315,98,20,5621.05
C0588,59,Male,89249,88,21,5474.16
C0589,56,Male,90587,96,3,2851.47
C0590,31,Female,30756,65,3,1833.16
C0591,48,Female,88011,8,17,3212.0
C0592,22,Female,56378,45,7,2969.16
C0593,52,Female,24255,87,27,4097.33
C0594,40,Male,34484,47,26,5029.01
C0595,46,Female,76549,40,14,4025.76
C0596,60,Male,54503,76,17,4486.75
C0597,28,Male,93794,54,18,3763.73
C0598,35,Male,65113,76,13,3837.96
C0599,64,Male,94069,46,20,5548.16
C0600,29,Male,118117,47,29,6288.04
C0601,26,Female,25249,15,20,2590.95
C0602,27,Female,39201,19,21,3270.68
C0603,61,Female,78576,26,27,5167.38
C0604,34,Female,29686,52,18,3108.03
C0605,55,Male,73363,93,4,3959.17
C0606,24,Female,117543,22,1,2768.53
C0607,63,Male,20661,21,18,2610.44
C0608,30,Female,64843,51,1,1531.19
C0609,57,Male,115673,38,26,6245.68
C0610,59,Male,80963,20,26,5270.09
C0611,26,Female,62828,29,13,2855.46
C0612,44,Male,68604,51,20,3418.92
C0613,19,Male,30526,4,20,3275.9
C0614,22,Female,88910,55,23,5269.8
C0615,46,Male,45592,71,10,3344.88
C0616,54,Female,48982,92,27,6578.23
C0617,55,Female,20207,28,11,2130.72
C0618,36,Female,108733,4,9,3057.74
C0619,25,Male,118936,22,9,3215.06
C0620,62,Male,88619,76,5,3356.17
C0621,18,Male,49328,45,26,4861.85
C0622,39,Female,66479,67,1,2481.23
C0623,34,Male,40103,86,17,4993.79
C0624,24,Female,59891,66,22,5077.36
C0625,42,Female,30754,88,2,2107.68
C0626,62,Male,119983,34,24,5436.38
C0627,21,Female,101437,91,13,5087.08
C0628,53,Male,118540,55,9,3822.3
C0629,23,Male,92982,1,29,5444.56
C0630,48,Male,75922,72,4,3322.15
C0631,36,Male,68231,87,5,3161.39
C0632,61,Male,49301,38,11,2560.88
C0633,56,Female,111652,6,24,4110.39
C0634,44,Female,82711,86,19,5796.14
C0635,27,Female,61323,25,21,4323.11
C0636,43,Male,38752,82,3,2578.85
C0637,36,Male,117912,17,12,3272.56
C0638,56,Male,102205,61,26,6769.02
C0639,20,Female,118452,12,19,4596.43
C0640,62,Male,33395,6,19,2893.5
C0641,30,Female,105957,90,13,4494.5
C0642,45,Female,76273,27,28,4396.99
C0643,37,Male,111878,8,7,3776.23
C0644,45,Male,24895,83,15,4186.2
C0645,25,Female,96559,65,23,5583.42
C0646,58,Male,30699,57,7,1969.29
C0647,56,Female,85061,93,26,6027.7
C0648,18,Male,29715,99,8,2864.49
C0649,20,Male,39169,40,5,1383.45
C0650,30,Female,36163,14,21,3307.13
C0651,45,Male,25782,35,14,2797.19
C0652,42,Female,108177,48,4,3872.62
C0653,50,Male,104328,84,23,6113.68
C0654,55,Female,55585,56,10,2363.52
C0655,23,Female,50682,49,20,4325.41
C0656,61,Male,67864,13,15,3224.31
C0657,62,Female,104416,61,18,5848.52
C0658,49,Male,75114,49,20,5352.01
C0659,62,Male,58067,46,13,4143.57
C0660,64,Male,62685,62,29,5382.91
C0661,38,Female,38073,8,8,2836.39
C0662,33,Female,56035,43,9,3021.17
C0663,38,Male,84977,20,16,4732.73
C0664,28,Male,110373,97,19,5691.15
C0665,54,Female,103362,90,16,5187.94
C0666,53,Male,110517,39,7,3772.35
C0667,52,Male,85450,85,14,4739.94
C0668,36,Female,30382,49,28,5330.05
C0669,37,Male,24437,64,14,3012.68
C0670,35,Female,90971,62,25,6331.73
C0671,64,Male,84612,54,27,6108.36
C0672,58,Female,110355,9,4,2715.4
C0673,31,Male,81929,88,26,6405.92
C0674,32,Male,117518,37,15,4468.73
C0675,48,Female,118864,49,3,4647.38
C0676,18,Male,32329,41,5,529.41
C0677,20,Female,45169,17,1,1614.85
C0678,33,Male,107468,88,3,2947.06
C0679,40,Female,54594,21,15,3094.05
C0680,28,Female,96957,51,24,5541.34
C0681,29,Female,80631,59,27,6491.44
C0682,27,Female,65033,39,8,2499.58
C0683,49,Male,83133,55,29,6621.67
C0684,33,Male,93165,41,4,2368.89
C0685,25,Female,93861,39,2,3375.55
C0686,55,Female,72290,13,29,4883.63
C0687,29,Female,114031,64,24,6157.34
C0688,41,Male,51750,11,24,3911.81
C0689,45,Male,115155,19,10,4429.28
C0690,25,Male,60461,11,4,2398.09
C0691,45,Male,93800,77,3,3612.75
C0692,53,Female,98222,46,2,2318.51
C0693,43,Female,44226,45,25,4202.01
C0694,25,Female,26721,1,17,2075.13
C0695,45,Male,76154,40,23,3759.01
C0696,45,Male,40609,19,21,4247.84
C0697,54,Male,72130,76,24,5298.69
C0698,58,Female,92909,72,20,5168.93
C0699,53,Female,75249,72,23,6093.03
C0700,44,Male,68895,61,13,3614.91
C0701,34,Female,114473,12,5,2649.22
C0702,26,Male,25656,61,21,3835.75
C0703,50,Male,94520,33,9,2899.07
C0704,37,Female,83740,45,25,5521.98
C0705,30,Male,84309,90,29,6329.35
C0706,45,Female,49984,92,25,5126.04
C0707,46,Male,93822,69,28,5974.49
C0708,30,Female,25901,8,22,3224.91
C0709,63,Female,51552,25,6,2167.78
C0710,52,Female,111245,91,5,3929.91
C0711,23,Male,51055,46,25,4531.72
C0712,35,Male,57685,87,10,3617.94
C0713,22,Female,93965,30,8,3198.09
C0714,64,Female,34716,47,7,2254.86
C0715,42,Male,31138,87,7,2429.42
C0716,19,Male,55298,49,6,3063.26
C0717,27,Male,71112,47,21,4695.65
C0718,47,Female,43429,84,29,5356.66
C0719,62,Male,70200,82,20,5206.19
C0720,22,Male,91308,18,3,2418.98
C0721,50,Female,68244,66,19,3767.97
C0722,18,Male,37347,68,22,4577.42
C0723,35,Male,36920,94,15,3438.65
C0724,49,Male,51822,33,4,2478.65
C0725,64,Female,66659,36,28,5112.31
C0726,28,Female,60108,82,12,4262.2
C0727,38,Female,109099,19,6,2871.87
C0728,43,Female,27967,28,19,3294.3
C0729,42,Female,31871,40,4,2322.54
C0730,39,Female,114299,84,15,5211.47
C0731,44,Female,97452,97,9,4188.63
C0732,30,Male,94270,76,5,3952.92
C0733,50,Male,53613,15,13,3175.09
C0734,51,Female,48179,41,23,4064.21
C0735,58,Male,72188,39,26,4156.03
C0736,52,Male,75099,2,18,3386.97
C0737,18,Female,55262,63,5,2988.92
C0738,38,Male,98213,29,25,5011.74
C0739,23,Male,38268,74,16,3789.89
C0740,45,Male,97866,66,27,5858.58
C0741,34,Male,106269,51,19,4204.3
C0742,22,Male,80545,75,14,4078.16
C0743,48,Female,112822,77,25,6748.01
C0744,22,Female,92146,10,16,2727.79
C0745,55,Female,91966,14,27,5415.4
C0746,20,Male,59922,82,15,3635.41
C0747,40,Female,99364,51,22,5696.5
C0748,54,Male,62913,73,4,3190.42
C0749,54,Male,117033,39,7,3679.69
C0750,27,Male,75677,28,16,3768.71
C0751,27,Male,69841,3,24,3918.64
C0752,36,Female,66332,84,22,4553.85
C0753,34,Female,112062,70,21,6660.29
C0754,38,Male,115694,27,22,4926.34
C0755,31,Female,45032,2,21,4234.54
C0756,26,Male,57846,93,8,3082.17
C0757,63,Female,79474,38,17,4462.08
C0758,18,Female,64936,3,16,2694.82
C0759,62,Male,49794,16,27,4737.58
C0760,30,Female,81588,94,23,5638.97
C0761,21,Male,90984,40,10,3463.42
C0762,18,Female,70331,2,10,2941.63
C0763,57,Male,114397,81,27,6508.37
C0764,49,Male,48141,41,2,1103.75
C0765,51,Female,29074,12,9,2222.13
C0766,45,Female,26406,35,17,2520.17
C0767,48,Male,117359,65,11,4900.44
C0768,25,Female,43291,55,10,3377.32
C0769,56,Female,61568,45,22,4358.61
C0770,43,Male,117539,79,25,7126.96
C0771,51,Male,66851,90,17,4967.91
C0772,20,Female,119942,85,4,3805.91
C0773,29,Male,74823,62,16,5047.17
C0774,18,Male,43312,49,20,3430.4
C0775,61,Male,63108,95,15,4298.81
C0776,22,Female,86918,25,25,5010.2
C0777,47,Female,54171,23,27,4971.03
C0778,47,Male,61779,24,21,4673.3
C0779,34,Female,88828,38,5,3472.96
C0780,64,Male,118723,28,6,3626.33
C0781,40,Female,32411,21,17,2863.09
C0782,32,Male,77009,54,1,1557.19
C0783,54,Male,35422,18,25,3321.37
C0784,38,Female,62468,36,19,4952.69
C0785,31,Male,52371,99,4,2094.38
C0786,19,Female,77022,45,17,3863.19
C0787,28,Female,91229,73,9,4571.88
C0788,56,Male,119071,53,24,6161.28
C0789,55,Male,71196,30,2,2577.94
C0790,51,Female,100354,60,8,4138.49
C0791,55,Male,116774,98,15,6340.27
C0792,51,Male,116410,32,7,3795.91
C0793,35,Male,46715,67,27,5511.02
C0794,47,Male,47605,67,6,2314.98
C0795,32,Male,119853,28,1,3230.23
C0796,44,Female,51174,44,15,3285.42
C0797,51,Female,29956,79,23,4317.57
C0798,55,Male,96373,41,26,6109.82
C0799,50,Male,89252,63,7,4020.85
C0800,41,Male,81949,23,29,6308.2
C0801,32,Female,82646,75,25,6589.55
C0802,47,Male,90017,48,17,5019.0
C0803,59,Female,83037,32,2,1520.52
C0804,34,Female,109818,57,27,7205.2
C0805,22,Female,26548,100,9,3569.94
C0806,46,Male,93294,33,29,5457.95
C0807,21,Female,43177,24,9,2667.99
C0808,27,Male,44022,39,13,2506.81
C0809,34,Female,25542,34,6,2050.16
C0810,27,Male,111012,56,6,3122.1
C0811,34,Female,116320,28,20,4742.29
C0812,37,Male,80428,37,20,4918.52
C0813,41,Female,42740,7,21,4016.24
C0814,22,Male,79353,68,3,3129.78
C0815,51,Male,110353,37,17,4658.98
C0816,23,Male,76532,56,17,3353.21
C0817,19,Male,36052,65,12,3031.53
C0818,30,Female,67076,65,16,4503.26
C0819,60,Female,73420,47,15,3815.02
C0820,60,Male,20671,20,13,2262.13
C0821,28,Female,20163,19,23,3355.45
C0822,64,Male,61424,29,1,1622.63
C0823,40,Male,73744,74,17,4662.82
C0824,33,Female,90331,60,3,2930.27
C0825,48,Male,30634,18,26,4724.32
C0826,28,Male,24798,92,15,2572.75
C0827,33,Female,42420,35,4,1580.48
C0828,25,Male,49300,43,4,1675.87
C0829,21,Male,109881,95,18,5892.18
C0830,57,Male,30749,91,17,4058.55
C0831,21,Male,45121,11,19,4158.52
C0832,42,Female,57487,49,11,4180.31
C0833,20,Female,113947,38,20,4862.4
C0834,49,Female,53361,64,3,2387.47
C0835,20,Male,41223,69,8,2917.61
C0836,44,Male,92930,8,14,3259.69
C0837,46,Female,34056,34,26,4625.31
C0838,49,Male,48380,48,1,1687.85
C0839,36,Male,46035,56,14,2906.88
C0840,38,Male,50620,76,2,2252.62
C0841,22,Male,39877,65,29,4753.7
C0842,35,Female,75316,31,23,5249.64
C0843,45,Female,84041,4,4,3171.6
C0844,59,Female,73352,50,24,5219.45
C0845,39,Male,50911,69,27,5348.86
C0846,38,Female,52784,30,29,5061.9
C0847,23,Female,23191,88,19,4654.94
C0848,18,Male,53160,59,6,3248.55
C0849,22,Male,110536,67,25,6157.89
C0850,58,Female,84641,75,1,3064.11
C0851,29,Female,69723,45,17,4435.78
C0852,43,Female,23631,4,8,923.78
C0853,63,Female,26172,26,19,3799.74
C0854,51,Male,62080,27,21,5034.02
C0855,31,Female,109097,46,1,3574.46
C0856,43,Female,110353,64,5,3144.26
C0857,62,Male,40281,91,27,4425.62
C0858,44,Female,48671,51,16,4012.78
C0859,26,Male,71431,50,6,2518.53
C0860,43,Male,110900,6,8,3411.57
C0861,64,Male,112961,59,13,5471.79
C0862,39,Female,48602,15,16,2788.56
C0863,64,Female,108789,30,3,2797.0
C0864,47,Male,71399,42,19,4476.34
C0865,60,Female,43472,37,12,2215.69
C0866,34,Female,69230,42,16,3555.67
C0867,43,Male,93616,35,27,5649.75
C0868,53,Male,27099,87,11,3016.75
C0869,18,Female,45431,6,10,2502.82
C0870,25,Male,76492,68,25,6932.83
C0871,52,Female,116722,18,20,5054.01
C0872,32,Female,67684,73,4,2507.82
C0873,64,Female,50111,29,12,3586.34
C0874,39,Female,83936,77,23,4799.31
C0875,31,Male,42614,59,2,1282.83
C0876,43,Male,112260,47,24,5532.65
C0877,45,Male,61991,17,22,3993.38
C0878,40,Male,90476,96,19,5219.98
C0879,31,Female,80920,22,25,4932.64
C0880,41,Female,114294,68,5,4043.25
C0881,19,Male,83530,69,8,4200.08
C0882,62,Female,56224,37,7,2565.07
C0883,43,Female,27788,49,14,2689.79
C0884,31,Female,48082,13,24,4543.96
C0885,24,Male,109570,34,23,5052.54
C0886,20,Male,96816,86,3,2770.02
C0887,64,Male,103588,53,18,5629.74
C0888,40,Female,36531,87,16,4526.55
C0889,63,Male,108340,51,23,5295.65
C0890,60,Male,114439,3,19,4414.23
C0891,64,Male,64857,42,19,3748.68
C0892,62,Male,30142,98,18,4396.15
C0893,35,Male,68355,32,20,5113.12
C0894,55,Male,29866,51,16,3633.76
C0895,52,Female,90067,85,8,4554.2
C0896,32,Female,84027,46,28,6140.4
C0897,42,Male,77906,21,1,1993.06
C0898,54,Male,48138,44,17,4204.43
C0899,45,Female,112601,11,12,4229.54
C0900,27,Female,49956,68,21,5258.84
C0901,56,Male,96295,1,11,3031.13
C0902,34,Male,25439,92,5,1619.72
C0903,56,Male,67241,63,27,6052.45
C0904,39,Male,62533,24,12,3225.54
C0905,43,Female,48270,99,17,4342.38
C0906,61,Male,98815,13,6,2771.22
C0907,42,Male,59279,98,1,4052.92
C0908,34,Male,43888,11,5,1321.66
C0909,30,Male,37630,100,25,4825.95
C0910,37,Female,81063,51,28,5788.9
C0911,42,Female,55144,17,14,3628.13
C0912,21,Female,72161,99,5,4667.42
C0913,27,Male,116718,82,22,6533.04
C0914,20,Male,111074,86,24,5756.28
C0915,58,Female,97360,24,27,6532.63
C0916,62,Male,70979,19,1,1814.85
C0917,35,Male,117661,37,18,4649.37
C0918,64,Female,26979,85,16,3194.88
C0919,53,Female,46189,8,9,2541.94
C0920,64,Female,62600,28,19,4071.41
C0921,39,Female,79560,5,22,4478.74
C0922,51,Male,98040,17,5,3459.05
C0923,64,Male,81558,36,27,5010.08
C0924,25,Female,106205,19,2,3332.18
C0925,57,Male,26910,64,15,3038.62
C0926,61,Female,77713,91,7,4841.26
C0927,36,Female,66857,98,4,3586.51
C0928,59,Male,54964,11,1,924.16
C0929,58,Female,105667,54,13,3470.63
C0930,54,Male,45227,45,20,4384.0
C0931,23,Male,25978,47,22,3677.47
C0932,43,Male,107527,12,7,3092.76
C0933,51,Male,37153,21,15,3241.16
C0934,62,Female,79765,11,23,5025.51
C0935,23,Male,119084,92,14,6053.54
C0936,54,Female,59071,5,23,3429.0
C0937,50,Female,89519,81,19,5998.33
C0938,39,Female,29503,56,22,3780.54
C0939,38,Female,80703,20,29,4265.94
C0940,23,Male,84379,41,24,4593.36
C0941,23,Male,115457,46,20,5508.15
C0942,21,Female,77866,12,29,4727.91
C0943,47,Female,36905,70,24,4624.08
C0944,28,Male,65838,17,18,3900.89
C0945,47,Female,78279,19,10,2959.89
C0946,48,Male,109489,26,9,3412.6
C0947,41,Female,46806,48,25,4030.77
C0948,26,Male,65000,52,8,3050.97
C0949,20,Female,42168,96,26,4370.88
C0950,48,Female,90119,70,29,5989.38
C0951,57,Male,58714,55,10,2735.39
C0952,54,Female,74093,100,17,4902.17
C0953,53,Female,75419,75,2,2766.72
C0954,41,Male,69145,33,6,3077.88
C0955,48,Female,97425,62,26,6790.24
C0956,23,Male,112949,88,5,3620.09
C0957,19,Male,97811,23,28,6657.64
C0958,37,Female,22461,15,9,1364.57
C0959,45,Female,34291,27,5,1777.08
C0960,28,Female,66804,75,18,4876.51
C0961,21,Female,96971,64,26,7241.71
C0962,32,Female,113471,81,20,5613.28
C0963,23,Female,84946,51,9,2645.55
C0964,47,Female,118989,53,17,5959.97
C0965,55,Male,104080,78,27,6074.91
C0966,19,Female,81332,91,17,4850.85
C0967,32,Male,97794,82,12,4067.01
C0968,28,Female,50841,92,7,3057.47
C0969,25,Female,68758,51,27,4959.96
C0970,43,Male,96272,47,3,3328.66
C0971,62,Female,57643,4,10,2453.26
C0972,61,Female,70408,7,2,1412.63
C0973,22,Male,63950,35,25,5301.94
C0974,23,Female,76849,48,3,2744.48
C0975,43,Female,48044,73,16,3052.86
C0976,21,Female,35997,72,2,2499.79
C0977,36,Male,99751,45,28,6122.45
C0978,37,Female,118605,81,24,7162.47
C0979,50,Female,43911,81,10,3355.18
C0980,37,Female,75533,97,6,3289.81
C0981,29,Female,102566,96,22,6029.17
C0982,64,Male,114870,72,26,6899.36
C0983,18,Male,34571,19,11,1911.05
C0984,43,Female,114463,63,23,5774.11
C0985,31,Female,77941,38,7,2857.98
C0986,55,Male,78005,67,27,5230.41
C0987,54,Male,106250,59,29,6111.84
C0988,28,Female,78712,69,15,4495.52
C0989,53,Male,63541,13,6,2787.06
C0990,30,Female,43387,47,20,4131.31
C0991,60,Male,113980,61,27,6411.67
C0992,20,Male,68908,31,9,2507.52
C0993,50,Male,105457,80,22,6496.72
C0994,23,Male,33057,96,20,4717.89
C0995,27,Female,84028,22,12,3097.2
C0996,22,Male,75731,93,19,5638.94
C0997,40,Male,44858,86,20,4866.95
C0998,27,Female,68689,43,3,1972.01
C0999,61,Male,64638,67,15,4047.07
C1000,19,Male,111598,54,2,3035.57
